注文書番号,車台番号,車種名,グレード,ボディカラー,お客様名,担当者,納車予定日,備考
N00001,ZVW60-1000001,ヤリスクロス,Z,シルバー,顧客001 様,佐藤 太郎,2026/12/10,"備考, テスト"
N00002,ZVW60-1000002,アクア,G,ブラック,顧客002 様,佐藤 太郎,2026/10/21,"備考, テスト"
N00003,ZVW60-1000003,ノア,S-Z,ブルー,顧客003 様,佐藤 太郎,2026/11/3,"備考, テスト"
N00004,ZVW60-1000004,アクア,G,ブラック,顧客004 様,佐藤 太郎,2026/11/3,"備考, テスト"
N00005,ZVW60-1000005,アクア,G,ブラック,顧客005 様,佐藤 太郎,2026/9/24,"備考, テスト"
N00006,ZVW60-1000006,ヤリスクロス,Z,シルバー,顧客006 様,佐藤 太郎,2026/10/26,"備考, テスト"
N00007,ZVW60-1000007,ノア,S-Z,ブルー,顧客007 様,佐藤 太郎,2026/9/20,"備考, テスト"
N00008,ZVW60-1000008,ヤリスクロス,Z,シルバー,顧客008 様,佐藤 太郎,2026/11/17,"備考, テスト"
N00009,ZVW60-1000009,ヤリスクロス,Z,シルバー,顧客009 様,佐藤 太郎,2026/10/28,"備考, テスト"
N00010,ZVW60-1000010,ノア,S-Z,ブルー,顧客010 様,佐藤 太郎,2026/11/11,"備考, テスト"
N00011,ZVW60-1000011,アクア,G,ブラック,顧客011 様,佐藤 太郎,2026/9/5,"備考, テスト"
N00012,ZVW60-1000012,プリウス,Z,ホワイトパール,顧客012 様,佐藤 太郎,2026/12/13,"備考, テスト"
N00013,ZVW60-1000013,アクア,G,ブラック,顧客013 様,佐藤 太郎,2026/11/25,"備考, テスト"
N00014,ZVW60-1000014,ヤリスクロス,Z,シルバー,顧客014 様,佐藤 太郎,2026/10/2,"備考, テスト"
N00015,ZVW60-1000015,ノア,S-Z,ブルー,顧客015 様,佐藤 太郎,2026/10/28,"備考, テスト"
N00016,ZVW60-1000016,ノア,S-Z,ブルー,顧客016 様,佐藤 太郎,2026/9/8,"備考, テスト"
N00017,ZVW60-1000017,ヤリスクロス,Z,シルバー,顧客017 様,佐藤 太郎,2026/9/6,"備考, テスト"
N00018,ZVW60-1000018,ノア,S-Z,ブルー,顧客018 様,佐藤 太郎,2026/9/23,"備考, テスト"
N00019,ZVW60-1000019,ノア,S-Z,ブルー,顧客019 様,佐藤 太郎,2026/10/8,"備考, テスト"
N00020,ZVW60-1000020,ノア,S-Z,ブルー,顧客020 様,佐藤 太郎,2026/11/24,"備考, テスト"
N00021,ZVW60-1000021,プリウス,Z,ホワイトパール,顧客021 様,佐藤 太郎,2026/9/19,"備考, テスト"
N00022,ZVW60-1000022,ヤリスクロス,Z,シルバー,顧客022 様,佐藤 太郎,2026/9/20,"備考, テスト"
N00023,ZVW60-1000023,アクア,G,ブラック,顧客023 様,佐藤 太郎,2026/10/26,"備考, テスト"
N00024,ZVW60-1000024,アクア,G,ブラック,顧客024 様,佐藤 太郎,2026/12/12,"備考, テスト"
N00025,ZVW60-1000025,ヤリスクロス,Z,シルバー,顧客025 様,佐藤 太郎,2026/10/14,"備考, テスト"
N00026,ZVW60-1000026,プリウス,Z,ホワイトパール,顧客026 様,佐藤 太郎,2026/9/9,"備考, テスト"
N00027,ZVW60-1000027,ヤリスクロス,Z,シルバー,顧客027 様,佐藤 太郎,2026/10/28,"備考, テスト"
N00028,ZVW60-1000028,プリウス,Z,ホワイトパール,顧客028 様,佐藤 太郎,2026/11/8,"備考, テスト"
N00029,ZVW60-1000029,ノア,S-Z,ブルー,顧客029 様,佐藤 太郎,2026/11/2,"備考, テスト"
N00030,ZVW60-1000030,ヤリスクロス,Z,シルバー,顧客030 様,佐藤 太郎,2026/11/6,"備考, テスト"
N00031,ZVW60-1000031,アクア,G,ブラック,顧客031 様,佐藤 太郎,2026/10/10,"備考, テスト"
N00032,ZVW60-1000032,プリウス,Z,ホワイトパール,顧客032 様,佐藤 太郎,2026/11/10,"備考, テスト"
N00033,ZVW60-1000033,アクア,G,ブラック,顧客033 様,佐藤 太郎,2026/11/25,"備考, テスト"
N00034,ZVW60-1000034,ヤリスクロス,Z,シルバー,顧客034 様,佐藤 太郎,2026/9/28,"備考, テスト"
N00035,ZVW60-1000035,アクア,G,ブラック,顧客035 様,佐藤 太郎,2026/10/25,"備考, テスト"
N00036,ZVW60-1000036,アクア,G,ブラック,顧客036 様,佐藤 太郎,2026/9/25,"備考, テスト"
N00037,ZVW60-1000037,アクア,G,ブラック,顧客037 様,佐藤 太郎,2026/11/3,"備考, テスト"
N00038,ZVW60-1000038,ヤリスクロス,Z,シルバー,顧客038 様,佐藤 太郎,2026/11/11,"備考, テスト"
N00039,ZVW60-1000039,プリウス,Z,ホワイトパール,顧客039 様,佐藤 太郎,2026/10/1,"備考, テスト"
N00040,ZVW60-1000040,ヤリスクロス,Z,シルバー,顧客040 様,佐藤 太郎,2026/9/1,"備考, テスト"
N00041,ZVW60-1000041,ノア,S-Z,ブルー,顧客041 様,佐藤 太郎,2026/12/26,"備考, テスト"
N00042,ZVW60-1000042,アクア,G,ブラック,顧客042 様,佐藤 太郎,2026/12/7,"備考, テスト"
N00043,ZVW60-1000043,ノア,S-Z,ブルー,顧客043 様,佐藤 太郎,2026/11/10,"備考, テスト"
N00044,ZVW60-1000044,アクア,G,ブラック,顧客044 様,佐藤 太郎,2026/11/6,"備考, テスト"
N00045,ZVW60-1000045,アクア,G,ブラック,顧客045 様,佐藤 太郎,2026/11/17,"備考, テスト"
N00046,ZVW60-1000046,プリウス,Z,ホワイトパール,顧客046 様,佐藤 太郎,2026/11/2,"備考, テスト"
N00047,ZVW60-1000047,ノア,S-Z,ブルー,顧客047 様,佐藤 太郎,2026/12/5,"備考, テスト"
N00048,ZVW60-1000048,プリウス,Z,ホワイトパール,顧客048 様,佐藤 太郎,2026/9/4,"備考, テスト"
N00049,ZVW60-1000049,アクア,G,ブラック,顧客049 様,佐藤 太郎,2026/11/6,"備考, テスト"
N00050,ZVW60-1000050,ヤリスクロス,Z,シルバー,顧客050 様,佐藤 太郎,2026/10/16,"備考, テスト"
N00051,ZVW60-1000051,ノア,S-Z,ブルー,顧客051 様,佐藤 太郎,2026/11/12,"備考, テスト"
N00052,ZVW60-1000052,プリウス,Z,ホワイトパール,顧客052 様,佐藤 太郎,2026/11/10,"備考, テスト"
N00053,ZVW60-1000053,ノア,S-Z,ブルー,顧客053 様,佐藤 太郎,2026/9/28,"備考, テスト"
N00054,ZVW60-1000054,アクア,G,ブラック,顧客054 様,佐藤 太郎,2026/9/9,"備考, テスト"
N00055,ZVW60-1000055,アクア,G,ブラック,顧客055 様,佐藤 太郎,2026/12/21,"備考, テスト"
N00056,ZVW60-1000056,プリウス,Z,ホワイトパール,顧客056 様,佐藤 太郎,2026/11/22,"備考, テスト"
N00057,ZVW60-1000057,ヤリスクロス,Z,シルバー,顧客057 様,佐藤 太郎,2026/11/5,"備考, テスト"
N00058,ZVW60-1000058,アクア,G,ブラック,顧客058 様,佐藤 太郎,2026/9/21,"備考, テスト"
N00059,ZVW60-1000059,アクア,G,ブラック,顧客059 様,佐藤 太郎,2026/9/13,"備考, テスト"
N00060,ZVW60-1000060,ヤリスクロス,Z,シルバー,顧客060 様,佐藤 太郎,2026/12/17,"備考, テスト"
N00061,ZVW60-1000061,アクア,G,ブラック,顧客061 様,佐藤 太郎,2026/11/25,"備考, テスト"
N00062,ZVW60-1000062,ノア,S-Z,ブルー,顧客062 様,佐藤 太郎,2026/9/20,"備考, テスト"
N00063,ZVW60-1000063,ノア,S-Z,ブルー,顧客063 様,佐藤 太郎,2026/11/25,"備考, テスト"
N00064,ZVW60-1000064,プリウス,Z,ホワイトパール,顧客064 様,佐藤 太郎,2026/11/27,"備考, テスト"
N00065,ZVW60-1000065,ヤリスクロス,Z,シルバー,顧客065 様,佐藤 太郎,2026/9/11,"備考, テスト"
N00066,ZVW60-1000066,ヤリスクロス,Z,シルバー,顧客066 様,佐藤 太郎,2026/10/25,"備考, テスト"
N00067,ZVW60-1000067,プリウス,Z,ホワイトパール,顧客067 様,佐藤 太郎,2026/10/21,"備考, テスト"
N00068,ZVW60-1000068,アクア,G,ブラック,顧客068 様,佐藤 太郎,2026/12/26,"備考, テスト"
N00069,ZVW60-1000069,プリウス,Z,ホワイトパール,顧客069 様,佐藤 太郎,2026/9/6,"備考, テスト"
N00070,ZVW60-1000070,アクア,G,ブラック,顧客070 様,佐藤 太郎,2026/12/23,"備考, テスト"
N00071,ZVW60-1000071,プリウス,Z,ホワイトパール,顧客071 様,佐藤 太郎,2026/11/14,"備考, テスト"
N00072,ZVW60-1000072,アクア,G,ブラック,顧客072 様,佐藤 太郎,2026/9/25,"備考, テスト"
N00073,ZVW60-1000073,ノア,S-Z,ブルー,顧客073 様,佐藤 太郎,2026/12/10,"備考, テスト"
N00074,ZVW60-1000074,プリウス,Z,ホワイトパール,顧客074 様,佐藤 太郎,2026/12/26,"備考, テスト"
N00075,ZVW60-1000075,プリウス,Z,ホワイトパール,顧客075 様,佐藤 太郎,2026/11/17,"備考, テスト"
N00076,ZVW60-1000076,アクア,G,ブラック,顧客076 様,佐藤 太郎,2026/9/8,"備考, テスト"
N00077,ZVW60-1000077,ヤリスクロス,Z,シルバー,顧客077 様,佐藤 太郎,2026/10/15,"備考, テスト"
N00078,ZVW60-1000078,ヤリスクロス,Z,シルバー,顧客078 様,佐藤 太郎,2026/11/27,"備考, テスト"
N00079,ZVW60-1000079,アクア,G,ブラック,顧客079 様,佐藤 太郎,2026/9/2,"備考, テスト"
N00080,ZVW60-1000080,プリウス,Z,ホワイトパール,顧客080 様,佐藤 太郎,2026/11/25,"備考, テスト"
N00081,ZVW60-1000081,ヤリスクロス,Z,シルバー,顧客081 様,佐藤 太郎,2026/9/23,"備考, テスト"
N00082,ZVW60-1000082,プリウス,Z,ホワイトパール,顧客082 様,佐藤 太郎,2026/12/10,"備考, テスト"
N00083,ZVW60-1000083,アクア,G,ブラック,顧客083 様,佐藤 太郎,2026/11/19,"備考, テスト"
N00084,ZVW60-1000084,ヤリスクロス,Z,シルバー,顧客084 様,佐藤 太郎,2026/9/3,"備考, テスト"
N00085,ZVW60-1000085,アクア,G,ブラック,顧客085 様,佐藤 太郎,2026/9/13,"備考, テスト"
N00086,ZVW60-1000086,ヤリスクロス,Z,シルバー,顧客086 様,佐藤 太郎,2026/10/9,"備考, テスト"
N00087,ZVW60-1000087,プリウス,Z,ホワイトパール,顧客087 様,佐藤 太郎,2026/11/15,"備考, テスト"
N00088,ZVW60-1000088,ヤリスクロス,Z,シルバー,顧客088 様,佐藤 太郎,2026/9/9,"備考, テスト"
N00089,ZVW60-1000089,アクア,G,ブラック,顧客089 様,佐藤 太郎,2026/12/7,"備考, テスト"
N00090,ZVW60-1000090,アクア,G,ブラック,顧客090 様,佐藤 太郎,2026/10/24,"備考, テスト"
N00091,ZVW60-1000091,プリウス,Z,ホワイトパール,顧客091 様,佐藤 太郎,2026/9/3,"備考, テスト"
N00092,ZVW60-1000092,ノア,S-Z,ブルー,顧客092 様,佐藤 太郎,2026/12/17,"備考, テスト"
N00093,ZVW60-1000093,ヤリスクロス,Z,シルバー,顧客093 様,佐藤 太郎,2026/11/26,"備考, テスト"
N00094,ZVW60-1000094,アクア,G,ブラック,顧客094 様,佐藤 太郎,2026/11/19,"備考, テスト"
N00095,ZVW60-1000095,アクア,G,ブラック,顧客095 様,佐藤 太郎,2026/11/7,"備考, テスト"
N00096,ZVW60-1000096,プリウス,Z,ホワイトパール,顧客096 様,佐藤 太郎,2026/10/15,"備考, テスト"
N00097,ZVW60-1000097,プリウス,Z,ホワイトパール,顧客097 様,佐藤 太郎,2026/12/12,"備考, テスト"
N00098,ZVW60-1000098,プリウス,Z,ホワイトパール,顧客098 様,佐藤 太郎,2026/10/21,"備考, テスト"
N00099,ZVW60-1000099,ノア,S-Z,ブルー,顧客099 様,佐藤 太郎,2026/9/26,"備考, テスト"
N00100,ZVW60-1000100,プリウス,Z,ホワイトパール,顧客100 様,佐藤 太郎,2026/10/2,"備考, テスト"
N00101,ZVW60-1000101,ノア,S-Z,ブルー,顧客101 様,佐藤 太郎,2026/12/4,"備考, テスト"
N00102,ZVW60-1000102,ノア,S-Z,ブルー,顧客102 様,佐藤 太郎,2026/12/22,"備考, テスト"
N00103,ZVW60-1000103,ヤリスクロス,Z,シルバー,顧客103 様,佐藤 太郎,2026/12/5,"備考, テスト"
N00104,ZVW60-1000104,アクア,G,ブラック,顧客104 様,佐藤 太郎,2026/12/15,"備考, テスト"
N00105,ZVW60-1000105,アクア,G,ブラック,顧客105 様,佐藤 太郎,2026/12/7,"備考, テスト"
N00106,ZVW60-1000106,プリウス,Z,ホワイトパール,顧客106 様,佐藤 太郎,2026/12/5,"備考, テスト"
N00107,ZVW60-1000107,ノア,S-Z,ブルー,顧客107 様,佐藤 太郎,2026/11/24,"備考, テスト"
N00108,ZVW60-1000108,プリウス,Z,ホワイトパール,顧客108 様,佐藤 太郎,2026/10/25,"備考, テスト"
N00109,ZVW60-1000109,プリウス,Z,ホワイトパール,顧客109 様,佐藤 太郎,2026/9/10,"備考, テスト"
N00110,ZVW60-1000110,ノア,S-Z,ブルー,顧客110 様,佐藤 太郎,2026/9/4,"備考, テスト"
N00111,ZVW60-1000111,プリウス,Z,ホワイトパール,顧客111 様,佐藤 太郎,2026/12/7,"備考, テスト"
N00112,ZVW60-1000112,プリウス,Z,ホワイトパール,顧客112 様,佐藤 太郎,2026/10/12,"備考, テスト"
N00113,ZVW60-1000113,ヤリスクロス,Z,シルバー,顧客113 様,佐藤 太郎,2026/9/4,"備考, テスト"
N00114,ZVW60-1000114,ノア,S-Z,ブルー,顧客114 様,佐藤 太郎,2026/11/23,"備考, テスト"
N00115,ZVW60-1000115,ヤリスクロス,Z,シルバー,顧客115 様,佐藤 太郎,2026/10/28,"備考, テスト"
N00116,ZVW60-1000116,プリウス,Z,ホワイトパール,顧客116 様,佐藤 太郎,2026/11/25,"備考, テスト"
N00117,ZVW60-1000117,ノア,S-Z,ブルー,顧客117 様,佐藤 太郎,2026/11/4,"備考, テスト"
N00118,ZVW60-1000118,ヤリスクロス,Z,シルバー,顧客118 様,佐藤 太郎,2026/12/5,"備考, テスト"
N00119,ZVW60-1000119,ノア,S-Z,ブルー,顧客119 様,佐藤 太郎,2026/10/15,"備考, テスト"
N00120,ZVW60-1000120,ノア,S-Z,ブルー,顧客120 様,佐藤 太郎,2026/11/22,"備考, テスト"